{
  "variants": {
    "A (baseline)": 0.6994050244490305,
    "B (targeted)": 0.700461608171463,
    "C (selective)": 0.6919110099474589,
    "D (full)": 0.6337860648830732
  },
  "winner": "B (targeted)",
  "improvement": 0.001056583722432447
}