{"skill": "github-pr-review", "avg_score": 0.5780113636363635, "scores": [0.51875, 0.5625, 0.5625, 0.6181818181818182, 0.628125]}