{
  "skill_name": "companion-roundtable",
  "iterations_executed": 3,
  "improvement": 0.005911111111111089,
  "recommendation": "review",
  "details": "v2.1 pipeline: 3 attempts, best score 0.812 (baseline: 0.767)",
  "router": {
    "action": "extend",
    "failure_pattern": "noise",
    "confidence": 1.0,
    "rationale": "All scenarios pass \u2014 extending by default"
  },
  "best_score": 0.8116846750149076,
  "baseline_score": 0.7666666666666666,
  "elapsed_seconds": 159.4,
  "attempt_metrics": [
    {
      "attempt": 1,
      "avg_baseline": 0.8116846750149076,
      "avg_evolved": 0.8175957861260187,
      "improvement": 0.005911111111111089
    },
    {
      "attempt": 2,
      "avg_baseline": 0.8116846750149076,
      "avg_evolved": 0.8116846750149076,
      "improvement": 0.0
    },
    {
      "attempt": 3,
      "avg_baseline": 0.8116846750149076,
      "avg_evolved": 0.8116846750149076,
      "improvement": 0.0
    }
  ],
  "posthoc": {
    "power_law": {
      "exponent_c": 0.0082,
      "scale_a": 0.5215,
      "offset_b": 0.2912,
      "r_squared": 0.775,
      "n_points": 4,
      "convergence": "converged"
    },
    "phase": {
      "phase": "plateau",
      "phase_confidence": 0.836,
      "crossover_iteration": 5,
      "predicted_score_at_double": 0.8217,
      "recommended_stop": 5,
      "marginal_gain_at_stop": 0.001
    },
    "raw_scores": [
      0.8116846750149076,
      0.8175957861260187,
      0.8175957861260187,
      0.8175957861260187
    ],
    "filtered_scores": [
      0.8116846750149076,
      0.8175957861260187,
      0.8175957861260187,
      0.8175957861260187
    ],
    "recommended_action": "stop",
    "summary": "Analyzed 4 iterations: scores from 0.812 to 0.818 | Power-law fit: score = 0.5215 * iter^0.0082 + 0.2912 (R\u00b2=0.775, converged) | Phase: plateau (confidence: 0.84) | Recommended stop: iteration 5 (crossover when marginal gain < 3%)"
  }
}