{
  "skill_name": "companion-workflows",
  "iterations_executed": 3,
  "improvement": -0.2295338645371532,
  "recommendation": "reject",
  "details": "v2.1 pipeline: 3 attempts, best score 0.290 (baseline: 0.519)",
  "router": {
    "action": "extend",
    "failure_pattern": "noise",
    "confidence": 1.0,
    "rationale": "All scenarios pass \u2014 extending by default"
  },
  "best_score": 0.28963881776179845,
  "baseline_score": 0.5191726822989516,
  "elapsed_seconds": 1217.9,
  "attempt_metrics": [
    {
      "attempt": 1,
      "avg_baseline": 0.28963881776179845,
      "avg_evolved": 0.2806873489553615,
      "improvement": -0.008951468806436935
    },
    {
      "attempt": 2,
      "avg_baseline": 0.28963881776179845,
      "avg_evolved": 0.28963881776179845,
      "improvement": 0.0
    },
    {
      "attempt": 3,
      "avg_baseline": 0.28963881776179845,
      "avg_evolved": 0.28963881776179845,
      "improvement": 0.0
    }
  ],
  "posthoc": {
    "power_law": {
      "exponent_c": 0.0,
      "scale_a": 0.0089,
      "offset_b": 0.2808,
      "r_squared": 1.0,
      "n_points": 4,
      "convergence": "converged"
    },
    "phase": {
      "phase": "plateau",
      "phase_confidence": 1.0,
      "crossover_iteration": 5,
      "predicted_score_at_double": 0.2897,
      "recommended_stop": 5,
      "marginal_gain_at_stop": 0.0
    },
    "raw_scores": [
      0.28963881776179845,
      0.28963881776179845,
      0.28963881776179845,
      0.28963881776179845
    ],
    "filtered_scores": [
      0.28963881776179845,
      0.28963881776179845,
      0.28963881776179845,
      0.28963881776179845
    ],
    "recommended_action": "stop",
    "summary": "Analyzed 4 iterations: scores from 0.290 to 0.290 | Power-law fit: score = 0.0089 * iter^0.0 + 0.2808 (R\u00b2=1.0, converged) | Phase: plateau (confidence: 1.00) | Recommended stop: iteration 5 (crossover when marginal gain < 3%)"
  }
}